TimePoint,Species,Genotype,ID,Replicate,Percent,Tank,Treatment
T0,Acer,MB-B,A102,r1,8.61,T6,Control
T0,Acer,MB-B,A102,r2,7.51,T6,Control
T0,Acer,MB-B,A102,r3,7.27,T6,Control
T0,Acer,BC-8b,A110,r1,11.5,T8,Variable
T0,Acer,BC-8b,A110,r2,12.2,T8,Variable
T0,Acer,BC-8b,A110,r3,10.6,T8,Variable
T0,Acer,MB-B,A112,r1,10.1,T7,Control
T0,Acer,MB-B,A112,r2,8.37,T7,Control
T0,Acer,MB-B,A112,r3,8.48,T7,Control
T0,Acer,BC-8b,A124,r1,7.61,T7,Control
T0,Acer,BC-8b,A124,r2,7.16,T7,Control
T0,Acer,BC-8b,A124,r3,8.61,T7,Control
T0,Acer,SI-C,A139,r1,6.01,T5,Variable
T0,Acer,SI-C,A139,r2,5.07,T5,Variable
T0,Acer,SI-C,A139,r3,5.56,T5,Variable
T0,Acer,MB-B,A150,r1,6.76,T7,Control
T0,Acer,MB-B,A150,r2,7.07,T7,Control
T0,Acer,MB-B,A150,r3,7.59,T7,Control
T0,Acer,BC-8b,A19,r1,10,T5,Variable
T0,Acer,BC-8b,A19,r2,8.5,T5,Variable
T0,Acer,BC-8b,A19,r3,9.82,T5,Variable
T0,Acer,MB-B,A21,r1,6.58,T8,Variable
T0,Acer,MB-B,A21,r2,6.78,T8,Variable
T0,Acer,MB-B,A21,r3,5.51,T8,Variable
T0,Acer,BC-8b,A22,r1,7.49,T7,Control
T0,Acer,BC-8b,A22,r2,7.95,T7,Control
T0,Acer,BC-8b,A22,r3,7.85,T7,Control
T0,Acer,SI-C,A29,r1,5.8,T8,Variable
T0,Acer,SI-C,A29,r2,5.29,T8,Variable
T0,Acer,SI-C,A29,r3,4.72,T8,Variable
T0,Acer,SI-C,A34,r1,6.48,T7,Control
T0,Acer,SI-C,A34,r2,6.97,T7,Control
T0,Acer,SI-C,A34,r3,4.92,T7,Control
T0,Acer,MB-B,A42,r1,7.63,T6,Control
T0,Acer,MB-B,A42,r2,7.34,T6,Control
T0,Acer,MB-B,A42,r3,6.74,T6,Control
T0,Acer,BC-8b,A43,r1,6.77,T6,Control
T0,Acer,BC-8b,A43,r2,7.14,T6,Control
T0,Acer,BC-8b,A43,r3,6.83,T6,Control
T0,Acer,BC-8b,A45,r1,10.5,T8,Variable
T0,Acer,BC-8b,A45,r2,9.41,T8,Variable
T0,Acer,BC-8b,A45,r3,10.2,T8,Variable
T0,Acer,SI-C,A5,r1,4.72,T7,Control
T0,Acer,SI-C,A5,r2,5.04,T7,Control
T0,Acer,SI-C,A5,r3,5.82,T7,Control
T0,Acer,MB-B,A55,r1,8.44,T5,Variable
T0,Acer,MB-B,A55,r2,8.45,T5,Variable
T0,Acer,MB-B,A55,r3,7.18,T5,Variable
T0,Acer,BC-8b,A63,r1,7.45,T6,Control
T0,Acer,BC-8b,A63,r2,7.26,T6,Control
T0,Acer,BC-8b,A63,r3,7.75,T6,Control
T0,Acer,SI-C,A64,r1,8.06,T5,Variable
T0,Acer,SI-C,A64,r2,7.52,T5,Variable
T0,Acer,SI-C,A64,r3,NA,T5,Variable
T0,Acer,SI-C,A78,r1,5.67,T6,Control
T0,Acer,SI-C,A78,r2,5.13,T6,Control
T0,Acer,SI-C,A78,r3,5.35,T6,Control
T0,Acer,SI-C,A79,r1,4.93,T8,Variable
T0,Acer,SI-C,A79,r2,4.54,T8,Variable
T0,Acer,SI-C,A79,r3,5.18,T8,Variable
T0,Acer,MB-B,A83,r1,9.98,T5,Variable
T0,Acer,MB-B,A83,r2,9.48,T5,Variable
T0,Acer,MB-B,A83,r3,9.84,T5,Variable
T0,Acer,BC-8b,A9,r1,8.07,T5,Variable
T0,Acer,BC-8b,A9,r2,8.66,T5,Variable
T0,Acer,BC-8b,A9,r3,8.31,T5,Variable
T0,Acer,MB-B,A94,r1,6.47,T8,Variable
T0,Acer,MB-B,A94,r2,6.84,T8,Variable
T0,Acer,MB-B,A94,r3,5.79,T8,Variable
T0,Acer,SI-C,A95,r1,8.01,T6,Control
T0,Acer,SI-C,A95,r2,6.58,T6,Control
T0,Acer,SI-C,A95,r3,6.27,T6,Control
T0,Pcli,C,P103,r1,5.35,T2,Variable
T0,Pcli,C,P103,r2,5.03,T2,Variable
T0,Pcli,C,P103,r3,4.43,T2,Variable
T0,Pcli,B,P105,r1,5.53,T3,Variable
T0,Pcli,B,P105,r2,5.08,T3,Variable
T0,Pcli,B,P105,r3,3.51,T3,Variable
T0,Pcli,A,P11,r1,7.52,T2,Variable
T0,Pcli,A,P11,r2,8.38,T2,Variable
T0,Pcli,A,P11,r3,7.92,T2,Variable
T0,Pcli,A,P111,r1,11.7,T4,Control
T0,Pcli,A,P111,r2,8.76,T4,Control
T0,Pcli,A,P111,r3,6.85,T4,Control
T0,Pcli,B,P114,r1,3.06,T2,Variable
T0,Pcli,B,P114,r2,3.44,T2,Variable
T0,Pcli,B,P114,r3,2.44,T2,Variable
T0,Pcli,C,P115,r1,6.37,T4,Control
T0,Pcli,C,P115,r2,6.05,T4,Control
T0,Pcli,C,P115,r3,4.51,T4,Control
T0,Pcli,B,P120,r1,6.92,T2,Variable
T0,Pcli,B,P120,r2,6.09,T2,Variable
T0,Pcli,B,P120,r3,6.31,T2,Variable
T0,Pcli,A,P126,r1,5.9,T4,Control
T0,Pcli,A,P126,r2,4.89,T4,Control
T0,Pcli,A,P126,r3,5.19,T4,Control
T0,Pcli,A,P128,r1,9.78,T3,Variable
T0,Pcli,A,P128,r2,9.95,T3,Variable
T0,Pcli,A,P128,r3,7.93,T3,Variable
T0,Pcli,C,P148,r1,10.6,T1,Control
T0,Pcli,C,P148,r2,10.2,T1,Control
T0,Pcli,C,P148,r3,7.91,T1,Control
T0,Pcli,A,P26,r1,8.32,T1,Control
T0,Pcli,A,P26,r2,7.72,T1,Control
T0,Pcli,A,P26,r3,5.87,T1,Control
T0,Pcli,C,P28,r1,2.9,T4,Control
T0,Pcli,C,P28,r2,3.09,T4,Control
T0,Pcli,C,P28,r3,3.33,T4,Control
T0,Pcli,B,P29,r1,13.3,T1,Control
T0,Pcli,B,P29,r2,12.4,T1,Control
T0,Pcli,B,P29,r3,12,T1,Control
T0,Pcli,A,P33,r1,14.7,T1,Control
T0,Pcli,A,P33,r2,14.5,T1,Control
T0,Pcli,A,P33,r3,13,T1,Control
T0,Pcli,C,P40,r1,13,T3,Variable
T0,Pcli,C,P40,r2,10.9,T3,Variable
T0,Pcli,C,P40,r3,10.7,T3,Variable
T0,Pcli,B,P45,r1,4.26,T3,Variable
T0,Pcli,B,P45,r2,3.55,T3,Variable
T0,Pcli,B,P45,r3,2.88,T3,Variable
T0,Pcli,B,P52,r1,6.81,T4,Control
T0,Pcli,B,P52,r2,5.96,T4,Control
T0,Pcli,B,P52,r3,4.07,T4,Control
T0,Pcli,B,P55,r1,5.18,T1,Control
T0,Pcli,B,P55,r2,4.3,T1,Control
T0,Pcli,B,P55,r3,5.12,T1,Control
T0,Pcli,C,P67,r1,5.49,T3,Variable
T0,Pcli,C,P67,r2,4.46,T3,Variable
T0,Pcli,C,P67,r3,3.7,T3,Variable
T0,Pcli,B,P70,r1,8.07,T4,Control
T0,Pcli,B,P70,r2,6.44,T4,Control
T0,Pcli,B,P70,r3,4.42,T4,Control
T0,Pcli,A,P75,r1,7.56,T2,Variable
T0,Pcli,A,P75,r2,8.34,T2,Variable
T0,Pcli,A,P75,r3,8.59,T2,Variable
T0,Pcli,A,P77,r1,9.9,T3,Variable
T0,Pcli,A,P77,r2,9.1,T3,Variable
T0,Pcli,A,P77,r3,8.93,T3,Variable
T0,Pcli,C,P91,r1,11.4,T1,Control
T0,Pcli,C,P91,r2,12,T1,Control
T0,Pcli,C,P91,r3,10.4,T1,Control
T0,Pcli,C,P94,r1,16.5,T2,Variable
T0,Pcli,C,P94,r2,11.8,T2,Variable
T0,Pcli,C,P94,r3,7.84,T2,Variable
T1,Acer,MB-B,A101,r1,6.16,T7,Control
T1,Acer,MB-B,A101,r2,5.77,T7,Control
T1,Acer,MB-B,A101,r3,6.43,T7,Control
T1,Acer,BC-8b,A105,r1,12.4,T6,Control
T1,Acer,BC-8b,A105,r2,11.1,T6,Control
T1,Acer,BC-8b,A105,r3,10.2,T6,Control
T1,Acer,BC-8b,A109,r1,15,T5,Variable
T1,Acer,BC-8b,A109,r2,14.9,T5,Variable
T1,Acer,BC-8b,A109,r3,14.7,T5,Variable
T1,Acer,SI-C,A11,r1,8.28,T5,Variable
T1,Acer,SI-C,A11,r2,8.93,T5,Variable
T1,Acer,SI-C,A11,r3,8.26,T5,Variable
T1,Acer,BC-8b,A115,r1,6.24,T7,Control
T1,Acer,BC-8b,A115,r2,4.35,T7,Control
T1,Acer,BC-8b,A115,r3,4.63,T7,Control
T1,Acer,MB-B,A116,r1,8.13,T6,Control
T1,Acer,MB-B,A116,r2,7.54,T6,Control
T1,Acer,MB-B,A116,r3,7.41,T6,Control
T1,Acer,SI-C,A119,r1,7.62,T7,Control
T1,Acer,SI-C,A119,r2,8.2,T7,Control
T1,Acer,SI-C,A119,r3,7.84,T7,Control
T1,Acer,SI-C,A120,r1,8.87,T6,Control
T1,Acer,SI-C,A120,r2,7.46,T6,Control
T1,Acer,SI-C,A120,r3,7.53,T6,Control
T1,Acer,MB-B,A121,r1,7.79,T6,Control
T1,Acer,MB-B,A121,r2,8.07,T6,Control
T1,Acer,MB-B,A121,r3,7.58,T6,Control
T1,Acer,BC-8b,A122,r1,13,T5,Variable
T1,Acer,BC-8b,A122,r2,12.3,T5,Variable
T1,Acer,BC-8b,A122,r3,12.6,T5,Variable
T1,Acer,SI-C,A14,r1,8.88,T6,Control
T1,Acer,SI-C,A14,r2,10.3,T6,Control
T1,Acer,SI-C,A14,r3,10.3,T6,Control
T1,Acer,BC-8b,A145,r1,9.83,T8,Variable
T1,Acer,BC-8b,A145,r2,10.3,T8,Variable
T1,Acer,BC-8b,A145,r3,10.1,T8,Variable
T1,Acer,SI-C,A20,r1,10.1,T5,Variable
T1,Acer,SI-C,A20,r2,11.3,T5,Variable
T1,Acer,SI-C,A20,r3,9.91,T5,Variable
T1,Acer,BC-8b,A3,r1,10.9,T6,Control
T1,Acer,BC-8b,A3,r2,10.4,T6,Control
T1,Acer,BC-8b,A3,r3,10.6,T6,Control
T1,Acer,SI-C,A31,r1,7,T7,Control
T1,Acer,SI-C,A31,r2,5.82,T7,Control
T1,Acer,SI-C,A31,r3,5.69,T7,Control
T1,Acer,MB-B,A36,r1,9.96,T5,Variable
T1,Acer,MB-B,A36,r2,8.57,T5,Variable
T1,Acer,MB-B,A36,r3,8.55,T5,Variable
T1,Acer,MB-B,A4,r1,6.47,T8,Variable
T1,Acer,MB-B,A4,r2,6.2,T8,Variable
T1,Acer,MB-B,A4,r3,5.59,T8,Variable
T1,Acer,MB-B,A44,r1,6.18,T7,Control
T1,Acer,MB-B,A44,r2,5.18,T7,Control
T1,Acer,MB-B,A44,r3,4.99,T7,Control
T1,Acer,BC-8b,A52,r1,6,T7,Control
T1,Acer,BC-8b,A52,r2,5.03,T7,Control
T1,Acer,BC-8b,A52,r3,3.95,T7,Control
T1,Acer,SI-C,A61,r1,6.12,T8,Variable
T1,Acer,SI-C,A61,r2,5.97,T8,Variable
T1,Acer,SI-C,A61,r3,5.27,T8,Variable
T1,Acer,SI-C,A62,r1,8.13,T8,Variable
T1,Acer,SI-C,A62,r2,7.85,T8,Variable
T1,Acer,SI-C,A62,r3,6.96,T8,Variable
T1,Acer,MB-B,A65,r1,7.7,T8,Variable
T1,Acer,MB-B,A65,r2,6.31,T8,Variable
T1,Acer,MB-B,A65,r3,5.88,T8,Variable
T1,Acer,MB-B,A71,r1,7.58,T5,Variable
T1,Acer,MB-B,A71,r2,6.85,T5,Variable
T1,Acer,MB-B,A71,r3,6.51,T5,Variable
T1,Acer,BC-8b,A77,r1,9.22,T8,Variable
T1,Acer,BC-8b,A77,r2,6.92,T8,Variable
T1,Acer,BC-8b,A77,r3,6.67,T8,Variable
T1,Pcli,B,P1,r1,2.75,T4,Control
T1,Pcli,B,P1,r2,2.85,T4,Control
T1,Pcli,B,P1,r3,2.34,T4,Control
T1,Pcli,A,P102,r1,12.6,T3,Variable
T1,Pcli,A,P102,r2,11.1,T3,Variable
T1,Pcli,A,P102,r3,11.3,T3,Variable
T1,Pcli,C,P107,r1,9.9,T2,Variable
T1,Pcli,C,P107,r2,7.96,T2,Variable
T1,Pcli,C,P107,r3,7.55,T2,Variable
T1,Pcli,A,P110,r1,6.68,T4,Control
T1,Pcli,A,P110,r2,6.46,T4,Control
T1,Pcli,A,P110,r3,4.54,T4,Control
T1,Pcli,B,P112,r1,4.99,T3,Variable
T1,Pcli,B,P112,r2,4.62,T3,Variable
T1,Pcli,B,P112,r3,4.49,T3,Variable
T1,Pcli,A,P121,r1,9.09,T2,Variable
T1,Pcli,A,P121,r2,10.1,T2,Variable
T1,Pcli,A,P121,r3,9.52,T2,Variable
T1,Pcli,C,P123,r1,10.5,T1,Control
T1,Pcli,C,P123,r2,9.53,T1,Control
T1,Pcli,C,P123,r3,8.65,T1,Control
T1,Pcli,B,P138,r1,3.4,T3,Variable
T1,Pcli,B,P138,r2,2.88,T3,Variable
T1,Pcli,B,P138,r3,2.88,T3,Variable
T1,Pcli,C,P140,r1,11,T3,Variable
T1,Pcli,C,P140,r2,8.26,T3,Variable
T1,Pcli,C,P140,r3,7.3,T3,Variable
T1,Pcli,A,P144,r1,14.3,T1,Control
T1,Pcli,A,P144,r2,12.4,T1,Control
T1,Pcli,A,P144,r3,12,T1,Control
T1,Pcli,B,P146,r1,5.59,T1,Control
T1,Pcli,B,P146,r2,4.38,T1,Control
T1,Pcli,B,P146,r3,4.6,T1,Control
T1,Pcli,C,P35,r1,4.9,T4,Control
T1,Pcli,C,P35,r2,5.23,T4,Control
T1,Pcli,C,P35,r3,4.77,T4,Control
T1,Pcli,C,P41,r1,7.33,T4,Control
T1,Pcli,C,P41,r2,6.5,T4,Control
T1,Pcli,C,P41,r3,4.98,T4,Control
T1,Pcli,A,P42,r1,7.85,T3,Variable
T1,Pcli,A,P42,r2,6.34,T3,Variable
T1,Pcli,A,P42,r3,5.9,T3,Variable
T1,Pcli,B,P43,r1,3.43,T2,Variable
T1,Pcli,B,P43,r2,2.82,T2,Variable
T1,Pcli,B,P43,r3,2.5,T2,Variable
T1,Pcli,C,P47,r1,9.07,T2,Variable
T1,Pcli,C,P47,r2,7.7,T2,Variable
T1,Pcli,C,P47,r3,6.18,T2,Variable
T1,Pcli,B,P56,r1,5.52,T4,Control
T1,Pcli,B,P56,r2,4.6,T4,Control
T1,Pcli,B,P56,r3,4.13,T4,Control
T1,Pcli,A,P57,r1,13.9,T1,Control
T1,Pcli,A,P57,r2,11.7,T1,Control
T1,Pcli,A,P57,r3,9.98,T1,Control
T1,Pcli,C,P71,r1,7.71,T3,Variable
T1,Pcli,C,P71,r2,6.57,T3,Variable
T1,Pcli,C,P71,r3,5.15,T3,Variable
T1,Pcli,C,P81,r1,14.1,T1,Control
T1,Pcli,C,P81,r2,12.6,T1,Control
T1,Pcli,C,P81,r3,12.2,T1,Control
T1,Pcli,A,P83,r1,9.13,T4,Control
T1,Pcli,A,P83,r2,9.94,T4,Control
T1,Pcli,A,P83,r3,9.92,T4,Control
T1,Pcli,A,P86,r1,12.9,T2,Variable
T1,Pcli,A,P86,r2,10.4,T2,Variable
T1,Pcli,A,P86,r3,9.44,T2,Variable
T1,Pcli,B,P9,r1,13.7,T1,Control
T1,Pcli,B,P9,r2,111.5,T1,Control
T1,Pcli,B,P9,r3,10.9,T1,Control
T1,Pcli,B,P90,r1,6.05,T2,Variable
T1,Pcli,B,P90,r2,5.66,T2,Variable
T1,Pcli,B,P90,r3,4.69,T2,Variable
T2,Acer,SI-C,A106,r1,3.1,T6,Control
T2,Acer,SI-C,A106,r2,2.94,T6,Control
T2,Acer,SI-C,A106,r3,2.89,T6,Control
T2,Acer,BC-8b,A108,r1,3.06,T7,Control
T2,Acer,BC-8b,A108,r2,2.29,T7,Control
T2,Acer,BC-8b,A108,r3,2.66,T7,Control
T2,Acer,SI-C,A113,r1,3.17,T8,Variable
T2,Acer,SI-C,A113,r2,2.59,T8,Variable
T2,Acer,SI-C,A113,r3,2.75,T8,Variable
T2,Acer,SI-C,A114,r1,2.73,T7,Control
T2,Acer,SI-C,A114,r2,2.62,T7,Control
T2,Acer,SI-C,A114,r3,2.27,T7,Control
T2,Acer,SI-C,A123,r1,2.8,T6,Control
T2,Acer,SI-C,A123,r2,2.75,T6,Control
T2,Acer,SI-C,A123,r3,2.64,T6,Control
T2,Acer,BC-8b,A137,r1,3.01,T5,Variable
T2,Acer,BC-8b,A137,r2,3.32,T5,Variable
T2,Acer,BC-8b,A137,r3,3.08,T5,Variable
T2,Acer,SI-C,A141,r1,2.8,T5,Variable
T2,Acer,SI-C,A141,r2,2.66,T5,Variable
T2,Acer,SI-C,A141,r3,2.89,T5,Variable
T2,Acer,MB-B,A143,r1,3.95,T6,Control
T2,Acer,MB-B,A143,r2,3.82,T6,Control
T2,Acer,MB-B,A143,r3,3.2,T6,Control
T2,Acer,BC-8b,A146,r1,3.52,T6,Control
T2,Acer,BC-8b,A146,r2,2.87,T6,Control
T2,Acer,BC-8b,A146,r3,2.72,T6,Control
T2,Acer,BC-8b,A30,r1,3.04,T5,Variable
T2,Acer,BC-8b,A30,r2,3.16,T5,Variable
T2,Acer,BC-8b,A30,r3,2.74,T5,Variable
T2,Acer,MB-B,A38,r1,3.08,T8,Variable
T2,Acer,MB-B,A38,r2,2.96,T8,Variable
T2,Acer,MB-B,A38,r3,2.94,T8,Variable
T2,Acer,MB-B,A41,r1,3.24,T5,Variable
T2,Acer,MB-B,A41,r2,3.24,T5,Variable
T2,Acer,MB-B,A41,r3,3,T5,Variable
T2,Acer,MB-B,A56,r1,3.11,T7,Control
T2,Acer,MB-B,A56,r2,2.94,T7,Control
T2,Acer,MB-B,A56,r3,3.16,T7,Control
T2,Acer,MB-B,A57,r1,2.48,T7,Control
T2,Acer,MB-B,A57,r2,2.71,T7,Control
T2,Acer,MB-B,A57,r3,2.55,T7,Control
T2,Acer,MB-B,A59,r1,3.13,T5,Variable
T2,Acer,MB-B,A59,r2,2.85,T5,Variable
T2,Acer,MB-B,A59,r3,2.81,T5,Variable
T2,Acer,BC-8b,A68,r1,2.55,T8,Variable
T2,Acer,BC-8b,A68,r2,2.41,T8,Variable
T2,Acer,BC-8b,A68,r3,2.65,T8,Variable
T2,Acer,SI-C,A69,r1,3.13,T8,Variable
T2,Acer,SI-C,A69,r2,2.85,T8,Variable
T2,Acer,SI-C,A69,r3,2.74,T8,Variable
T2,Acer,BC-8b,A72,r1,2.88,T6,Control
T2,Acer,BC-8b,A72,r2,3.11,T6,Control
T2,Acer,BC-8b,A72,r3,2.71,T6,Control
T2,Acer,MB-B,A74,r1,3.17,T8,Variable
T2,Acer,MB-B,A74,r2,2.66,T8,Variable
T2,Acer,MB-B,A74,r3,2.92,T8,Variable
T2,Acer,SI-C,A82,r1,2.4,T7,Control
T2,Acer,SI-C,A82,r2,2.21,T7,Control
T2,Acer,SI-C,A82,r3,2.15,T7,Control
T2,Acer,BC-8b,A89,r1,2.89,T7,Control
T2,Acer,BC-8b,A89,r2,2.34,T7,Control
T2,Acer,BC-8b,A89,r3,2.59,T7,Control
T2,Acer,BC-8b,A91,r1,4.89,T8,Variable
T2,Acer,BC-8b,A91,r2,4.41,T8,Variable
T2,Acer,BC-8b,A91,r3,3.85,T8,Variable
T2,Acer,SI-C,A96,r1,2.71,T5,Variable
T2,Acer,SI-C,A96,r2,2.65,T5,Variable
T2,Acer,SI-C,A96,r3,2.44,T5,Variable
T2,Acer,MB-B,A97,r1,3.59,T6,Control
T2,Acer,MB-B,A97,r2,3.79,T6,Control
T2,Acer,MB-B,A97,r3,3.19,T6,Control
T2,Pcli,A,P101,r1,8.35,T2,Variable
T2,Pcli,A,P101,r2,8.5,T2,Variable
T2,Pcli,A,P101,r3,8.84,T2,Variable
T2,Pcli,B,P109,r1,4.94,T3,Variable
T2,Pcli,B,P109,r2,5,T3,Variable
T2,Pcli,B,P109,r3,4.88,T3,Variable
T2,Pcli,B,P124,r1,3.8,T1,Control
T2,Pcli,B,P124,r2,3.04,T1,Control
T2,Pcli,B,P124,r3,3.39,T1,Control
T2,Pcli,A,P130,r1,2.45,T3,Variable
T2,Pcli,A,P130,r2,2.23,T3,Variable
T2,Pcli,A,P130,r3,2.06,T3,Variable
T2,Pcli,A,P132,r1,6.2,T2,Variable
T2,Pcli,A,P132,r2,6.28,T2,Variable
T2,Pcli,A,P132,r3,6.18,T2,Variable
T2,Pcli,C,P135,r1,4.21,T4,Control
T2,Pcli,C,P135,r2,4.27,T4,Control
T2,Pcli,C,P135,r3,3.65,T4,Control
T2,Pcli,C,P15,r1,11.2,T2,Variable
T2,Pcli,C,P15,r2,10.5,T2,Variable
T2,Pcli,C,P15,r3,10.2,T2,Variable
T2,Pcli,C,P18,r1,3.6,T3,Variable
T2,Pcli,C,P18,r2,3.29,T3,Variable
T2,Pcli,C,P18,r3,3.34,T3,Variable
T2,Pcli,B,P24,r1,3.48,T4,Control
T2,Pcli,B,P24,r2,3.24,T4,Control
T2,Pcli,B,P24,r3,3.15,T4,Control
T2,Pcli,C,P3,r1,2.01,T1,Control
T2,Pcli,C,P3,r2,1.48,T1,Control
T2,Pcli,C,P3,r3,1.39,T1,Control
T2,Pcli,C,P38,r1,6.3,T1,Control
T2,Pcli,C,P38,r2,5.7,T1,Control
T2,Pcli,C,P38,r3,5.04,T1,Control
T2,Pcli,C,P39,r1,2.96,T3,Variable
T2,Pcli,C,P39,r2,2.83,T3,Variable
T2,Pcli,C,P39,r3,2.18,T3,Variable
T2,Pcli,A,P4,r1,2.49,T4,Control
T2,Pcli,A,P4,r2,2.72,T4,Control
T2,Pcli,A,P4,r3,2.74,T4,Control
T2,Pcli,B,P49,r1,4.78,T4,Control
T2,Pcli,B,P49,r2,4.38,T4,Control
T2,Pcli,B,P49,r3,4.83,T4,Control
T2,Pcli,A,P50,r1,4.14,T1,Control
T2,Pcli,A,P50,r2,4.11,T1,Control
T2,Pcli,A,P50,r3,3.94,T1,Control
T2,Pcli,A,P58,r1,3.9,T4,Control
T2,Pcli,A,P58,r2,3.59,T4,Control
T2,Pcli,A,P58,r3,3.66,T4,Control
T2,Pcli,B,P6,r1,5.45,T3,Variable
T2,Pcli,B,P6,r2,5.66,T3,Variable
T2,Pcli,B,P6,r3,4.65,T3,Variable
T2,Pcli,C,P64,r1,4.88,T4,Control
T2,Pcli,C,P64,r2,4.06,T4,Control
T2,Pcli,C,P64,r3,3.73,T4,Control
T2,Pcli,B,P66,r1,2.91,T1,Control
T2,Pcli,B,P66,r2,2.44,T1,Control
T2,Pcli,B,P66,r3,2.18,T1,Control
T2,Pcli,A,P69,r1,4.79,T1,Control
T2,Pcli,A,P69,r2,5.26,T1,Control
T2,Pcli,A,P69,r3,6.86,T1,Control
T2,Pcli,C,P76,r1,8.43,T2,Variable
T2,Pcli,C,P76,r2,8.19,T2,Variable
T2,Pcli,C,P76,r3,7.86,T2,Variable
T2,Pcli,B,P79,r1,6.44,T2,Variable
T2,Pcli,B,P79,r2,5.83,T2,Variable
T2,Pcli,B,P79,r3,5.87,T2,Variable
T2,Pcli,A,P8,r1,3.01,T3,Variable
T2,Pcli,A,P8,r2,3.14,T3,Variable
T2,Pcli,A,P8,r3,3.36,T3,Variable
T2,Pcli,B,P96,r1,4.19,T2,Variable
T2,Pcli,B,P96,r2,4.44,T2,Variable
T2,Pcli,B,P96,r3,4.41,T2,Variable
FollowUp,Acer,BC-8b,A43,r1,10.1,T6,Control
FollowUp,Acer,BC-8b,A80,r1,5.4,T6,Control
FollowUp,Acer,BC-8b,A81,r1,5.19,T7,Control
FollowUp,Acer,BC-8b,A92,r1,5.06,T7,Control
FollowUp,Acer,BC-8b,A27,r1,3.38,T5,Variable
FollowUp,Acer,BC-8b,A30,r1,11.9,T5,Variable
FollowUp,Acer,BC-8b,A60,r1,3.62,T8,Variable
FollowUp,Acer,BC-8b,A77,r1,2.84,T8,Variable
FollowUp,Acer,BC-8b,A43,r2,9.21,T6,Control
FollowUp,Acer,BC-8b,A80,r2,5.64,T6,Control
FollowUp,Acer,BC-8b,A81,r2,4.24,T7,Control
FollowUp,Acer,BC-8b,A92,r2,3.59,T7,Control
FollowUp,Acer,BC-8b,A27,r2,2.73,T5,Variable
FollowUp,Acer,BC-8b,A30,r2,8.95,T5,Variable
FollowUp,Acer,BC-8b,A60,r2,2.68,T8,Variable
FollowUp,Acer,BC-8b,A77,r2,2.59,T8,Variable
FollowUp,Acer,BC-8b,A43,r3,7.17,T6,Control
FollowUp,Acer,BC-8b,A80,r3,3.26,T6,Control
FollowUp,Acer,BC-8b,A81,r3,3.12,T7,Control
FollowUp,Acer,BC-8b,A92,r3,3.11,T7,Control
FollowUp,Acer,BC-8b,A27,r3,2.35,T5,Variable
FollowUp,Acer,BC-8b,A30,r3,8.7,T5,Variable
FollowUp,Acer,BC-8b,A60,r3,2.33,T8,Variable
FollowUp,Acer,BC-8b,A77,r3,2.91,T8,Variable
FollowUp,Acer,MB-B,A39,r1,8.51,T7,Control
FollowUp,Acer,MB-B,A57,r1,12.5,T7,Control
FollowUp,Acer,MB-B,A90,r1,4.92,T6,Control
FollowUp,Acer,MB-B,A140,r1,5.11,T6,Control
FollowUp,Acer,MB-B,A13,r1,5.25,T8,Variable
FollowUp,Acer,MB-B,A24,r1,6.33,T5,Variable
FollowUp,Acer,MB-B,A74,r1,6.76,T8,Variable
FollowUp,Acer,MB-B,A129,r1,9.59,T5,Variable
FollowUp,Acer,MB-B,A39,r2,5.89,T7,Control
FollowUp,Acer,MB-B,A57,r2,12.3,T7,Control
FollowUp,Acer,MB-B,A90,r2,4.42,T6,Control
FollowUp,Acer,MB-B,A140,r2,3.82,T6,Control
FollowUp,Acer,MB-B,A13,r2,4.43,T8,Variable
FollowUp,Acer,MB-B,A24,r2,4.79,T5,Variable
FollowUp,Acer,MB-B,A74,r2,5.19,T8,Variable
FollowUp,Acer,MB-B,A129,r2,9.26,T5,Variable
FollowUp,Acer,MB-B,A39,r3,6.22,T7,Control
FollowUp,Acer,MB-B,A57,r3,9.12,T7,Control
FollowUp,Acer,MB-B,A90,r3,3.37,T6,Control
FollowUp,Acer,MB-B,A140,r3,3.22,T6,Control
FollowUp,Acer,MB-B,A13,r3,4.08,T8,Variable
FollowUp,Acer,MB-B,A24,r3,3.89,T5,Variable
FollowUp,Acer,MB-B,A74,r3,4.93,T8,Variable
FollowUp,Acer,MB-B,A129,r3,7.74,T5,Variable
FollowUp,Acer,SI-C,A87,r1,4.32,T7,Control
FollowUp,Acer,SI-C,A95,r1,6.83,T6,Control
FollowUp,Acer,SI-C,A114,r1,4.75,T7,Control
FollowUp,Acer,SI-C,A120,r1,2.28,T6,Control
FollowUp,Acer,SI-C,A62,r1,3.98,T8,Variable
FollowUp,Acer,SI-C,A64,r1,17.5,T5,Variable
FollowUp,Acer,SI-C,A131,r1,3.86,T8,Variable
FollowUp,Acer,SI-C,A139,r1,8.06,T5,Variable
FollowUp,Acer,SI-C,A87,r2,3.66,T7,Control
FollowUp,Acer,SI-C,A95,r2,5.63,T6,Control
FollowUp,Acer,SI-C,A114,r2,3.73,T7,Control
FollowUp,Acer,SI-C,A120,r2,1.96,T6,Control
FollowUp,Acer,SI-C,A62,r2,3.48,T8,Variable
FollowUp,Acer,SI-C,A64,r2,13.4,T5,Variable
FollowUp,Acer,SI-C,A131,r2,3.53,T8,Variable
FollowUp,Acer,SI-C,A139,r2,7.61,T5,Variable
FollowUp,Acer,SI-C,A87,r3,3.21,T7,Control
FollowUp,Acer,SI-C,A95,r3,6.25,T6,Control
FollowUp,Acer,SI-C,A114,r3,3.54,T7,Control
FollowUp,Acer,SI-C,A120,r3,1.93,T6,Control
FollowUp,Acer,SI-C,A62,r3,2.87,T8,Variable
FollowUp,Acer,SI-C,A64,r3,11.8,T5,Variable
FollowUp,Acer,SI-C,A131,r3,2.75,T8,Variable
FollowUp,Acer,SI-C,A139,r3,6.93,T5,Variable
FollowUp,Pcli,A,P4,r1,8.85,T4,Control
FollowUp,Pcli,A,P5,r1,17.4,T1,Control
FollowUp,Pcli,A,P16,r1,11,T4,Control
FollowUp,Pcli,A,P142,r1,18,T1,Control
FollowUp,Pcli,A,P10,r1,7.09,T2,Variable
FollowUp,Pcli,A,P21,r1,7.93,T2,Variable
FollowUp,Pcli,A,P42,r1,29.4,T3,Variable
FollowUp,Pcli,A,P98,r1,19.4,T3,Variable
FollowUp,Pcli,A,P119,r1,7.81,T3,Variable
FollowUp,Pcli,A,P4,r2,7.86,T4,Control
FollowUp,Pcli,A,P5,r2,15.5,T1,Control
FollowUp,Pcli,A,P16,r2,9.74,T4,Control
FollowUp,Pcli,A,P142,r2,14.9,T1,Control
FollowUp,Pcli,A,P10,r2,19.1,T2,Variable
FollowUp,Pcli,A,P21,r2,6.78,T2,Variable
FollowUp,Pcli,A,P42,r2,26,T3,Variable
FollowUp,Pcli,A,P98,r2,19.6,T3,Variable
FollowUp,Pcli,A,P119,r2,4.22,T3,Variable
FollowUp,Pcli,A,P4,r3,6.38,T4,Control
FollowUp,Pcli,A,P5,r3,12.5,T1,Control
FollowUp,Pcli,A,P16,r3,4.95,T4,Control
FollowUp,Pcli,A,P142,r3,13,T1,Control
FollowUp,Pcli,A,P10,r3,16.9,T2,Variable
FollowUp,Pcli,A,P21,r3,7.07,T2,Variable
FollowUp,Pcli,A,P42,r3,24.5,T3,Variable
FollowUp,Pcli,A,P98,r3,20.4,T3,Variable
FollowUp,Pcli,A,P119,r3,4.41,T3,Variable
FollowUp,Pcli,B,P12,r1,14.5,T1,Control
FollowUp,Pcli,B,P52,r1,11.1,T4,Control
FollowUp,Pcli,B,P93,r1,3.97,T1,Control
FollowUp,Pcli,B,P2,r1,14.1,T2,Variable
FollowUp,Pcli,B,P85,r1,5.55,T2,Variable
FollowUp,Pcli,B,P88,r1,1.88,T3,Variable
FollowUp,Pcli,B,P92,r1,4.35,T3,Variable
FollowUp,Pcli,B,P109,r1,3.65,T3,Variable
FollowUp,Pcli,B,P12,r2,6.43,T1,Control
FollowUp,Pcli,B,P52,r2,6.87,T4,Control
FollowUp,Pcli,B,P93,r2,3.15,T1,Control
FollowUp,Pcli,B,P2,r2,15,T2,Variable
FollowUp,Pcli,B,P85,r2,4.59,T2,Variable
FollowUp,Pcli,B,P88,r2,1.18,T3,Variable
FollowUp,Pcli,B,P92,r2,5.68,T3,Variable
FollowUp,Pcli,B,P109,r2,1.77,T3,Variable
FollowUp,Pcli,B,P12,r3,3.18,T1,Control
FollowUp,Pcli,B,P52,r3,6.05,T4,Control
FollowUp,Pcli,B,P93,r3,3.85,T1,Control
FollowUp,Pcli,B,P2,r3,7.57,T2,Variable
FollowUp,Pcli,B,P85,r3,3.68,T2,Variable
FollowUp,Pcli,B,P88,r3,0.89,T3,Variable
FollowUp,Pcli,B,P92,r3,5.77,T3,Variable
FollowUp,Pcli,B,P109,r3,1.26,T3,Variable
FollowUp,Pcli,C,P36,r1,6.54,T4,Control
FollowUp,Pcli,C,P46,r1,21.7,T1,Control
FollowUp,Pcli,C,P80,r1,3.62,T4,Control
FollowUp,Pcli,C,P91,r1,3.74,T1,Control
FollowUp,Pcli,C,P62,r1,3.1,T2,Variable
FollowUp,Pcli,C,P76,r1,7.03,T2,Variable
FollowUp,Pcli,C,P136,r1,20.7,T3,Variable
FollowUp,Pcli,C,P36,r2,4.05,T4,Control
FollowUp,Pcli,C,P46,r2,15.1,T1,Control
FollowUp,Pcli,C,P80,r2,2.5,T4,Control
FollowUp,Pcli,C,P91,r2,2.36,T1,Control
FollowUp,Pcli,C,P62,r2,1.83,T2,Variable
FollowUp,Pcli,C,P76,r2,3.29,T2,Variable
FollowUp,Pcli,C,P136,r2,13.8,T3,Variable
FollowUp,Pcli,C,P36,r3,3.6,T4,Control
FollowUp,Pcli,C,P46,r3,14.5,T1,Control
FollowUp,Pcli,C,P80,r3,2.33,T4,Control
FollowUp,Pcli,C,P91,r3,2.21,T1,Control
FollowUp,Pcli,C,P62,r3,1.62,T2,Variable
FollowUp,Pcli,C,P76,r3,2.16,T2,Variable
FollowUp,Pcli,C,P136,r3,9.08,T3,Variable